{"legal_matches_mIoU": {"total": 0.5460060989624727, "vehicle": 0.5460060989624727, "pedestrian": 0}, "best_matches_mIoU": {"total": 0.5460060989624727, "vehicle": 0.5460060989624727, "pedestrian": 0}, "AP": {"total": 0.3333333333333333, "vehicle": 0.3333333333333333, "pedestrian": 0.3333333333333333}, "legally_matched_detections": {"total": 1, "vehicle": 1, "pedestrian": 0}, "matched_actuals": {"total": 1, "vehicle": 1, "pedestrian": 0}, "detections": {"total": 484, "vehicle": 469, "pedestrian": 15}, "mAP": 0.3333333333333333, "actual_boxes": {"total": 42780, "vehicle": 28677, "pedestrian": 14103}, "misses": {"total": 42779, "vehicle": 28676, "pedestrian": 14103}, "false_positives": {"total": 483, "vehicle": 468, "pedestrian": 15}}